,precision,recall,f1-score,support
rRNA,0.9523809523809523,0.970873786407767,0.9615384615384616,103.0
sRNA,0.9655172413793104,0.9385474860335196,0.9518413597733711,179.0
tRNA,0.9740740740740741,0.9850187265917603,0.9795158286778398,267.0
accuracy,0.9672131147540983,0.9672131147540983,0.9672131147540983,0.9672131147540983
macro avg,0.963990755944779,0.9648133330110156,0.9642985499965575,549.0
weighted avg,0.9672142114388204,0.9672131147540983,0.9671198382420368,549.0
